<?xml version="1.0" encoding="GB2312"?>
<UserList>
   <User>
      <ID>lyl1</ID>
      <PassWord>96e79218965eb72c92a549dd5a330112</PassWord>
      <Type>1</Type>
   </User>
   <User>
      <ID>lyl2</ID>
      <PassWord>96e79218965eb72c92a549dd5a330112</PassWord>
      <Type>1</Type>
   </User>
   <User>
      <ID>qhl</ID>
      <PassWord>96e79218965eb72c92a549dd5a330112</PassWord>
      <Type>1</Type>
   </User>
   <User>
      <ID>wangxin</ID>
      <PassWord>96e79218965eb72c92a549dd5a330112</PassWord>
      <Type>1</Type>
   </User>
</UserList>

