<?xml version="1.0" encoding="UTF-8" standalone="no"?><messages>
	<message>
		<id>2</id>
		<name>wasw100</name>
		<sex>female</sex>
		<email>jhxyun@163.com</email>
		<content>哈哈，来看下</content>
		<gbdate>2008-5-23 17:20:36</gbdate>
		<redate>2008-5-23 17:20:36</redate>
		<recontent>欢迎光顾</recontent>
	</message>
	<message>
		<id>1225704226375</id>
		<name>贾</name>
		<sex>female</sex>
		<email>jhxyun@163.com</email>
		<content>那只“蜘蛛”不好~~马上换，没法后果自负</content>
		<gbdate>2008-11-03 17:23:46</gbdate>
		<recontent>什么后果，我倒想看，不过更想贾给找副好看的……</recontent>
		<redate>2008-11-04 11:14:29</redate>
	</message>
	<message>
		<id>1225983322515</id>
		<name>老大</name>
		<sex>male</sex>
		<email>wanglin@126.com</email>
		<content>我老大，来看伟伟了</content>
		<gbdate>2008-11-06 22:55:22</gbdate>
		<recontent>老大好，做的还不错吧</recontent>
		<redate>2008-11-06 22:56:22</redate>
	</message>
	
	
	<message>
		<id>1226060189171</id>
		<name>伟伟</name>
		<sex>male</sex>
		<email>wasw100@gmail.com</email>
		<content>这个“动物”比“蜘蛛”好看无数呗，伟伟喜欢看，不知贾的意见如何~~</content>
		<gbdate>2008-11-07 20:16:29</gbdate>
		<recontent>暂未回复</recontent>
		<redate>0000-00-00 00：00：00</redate>
	</message>
<message><id>1383620182163</id><name>老大</name><sex>male</sex><email>qq@qq.com</email><content>到库房尽快送大家赶快加三等功</content><gbdate>2013-11-05 10:56:22</gbdate><recontent>看电视剧疯狂手机啊大概看了</recontent><redate>2013-11-05 10:58:22</redate></message><message><id>1385011609606</id><name>刘玉苓</name><sex>male</sex><email>l@11.com</email><content>行行行行行行想</content><gbdate>2013-11-21 13:26:49</gbdate><recontent>xdzdvxcvxc</recontent><redate>2013-11-21 15:27:07</redate></message><message><id>1386063433447</id><name>刘玉苓</name><sex>female</sex><email>111@1.com</email><content>errtffsdf sdf</content><gbdate>2013-12-03 17:37:13</gbdate><recontent>暂未回复</recontent><redate>0000-00-00 00：00：00</redate></message><message><id>1386063533806</id><name>刘玉苓</name><sex>female</sex><email>1@111.cn</email><content>xcxzvxvxz</content><gbdate>2013-12-03 17:38:53</gbdate><recontent>暂未回复</recontent><redate>0000-00-00 00：00：00</redate></message></messages>