<?xml version="1.0" encoding="UTF-8"?>
<UserList>
    <User>
        <ID>2007220101</ID>
        <PassWord>2ba4f327b5cdd1e069c59e14fa026f6c</PassWord>
        <Type>1</Type>
    </User>
    <User>
        <ID>2007220102</ID>
        <PassWord>61824f5e56486fbd58f3e0787fd868c9</PassWord>
        <Type>1</Type>
    </User>
    <User>
        <ID>2007220103</ID>
        <PassWord>8ecc1539365afa7590b827ce9d5ff228</PassWord>
        <Type>1</Type>
    </User>
    <User>
        <ID>2007220104</ID>
        <PassWord>2767da0dfac075e77be474d5f7fbcfe3</PassWord>
        <Type>1</Type>
    </User>
    <User>
        <ID>2007220105</ID>
        <PassWord>c0a42203d8d2bb2907baab1deb2300cc</PassWord>
        <Type>1</Type>
    </User>
    <User>
        <ID>2007220106</ID>
        <PassWord>a65441707a302dd040dbe6e853680fbd</PassWord>
        <Type>1</Type>
    </User>
    <User>
        <ID>2007220107</ID>
        <PassWord>dd2c7feb8e97b7d91d9c4d0da985ef81</PassWord>
        <Type>1</Type>
    </User>
    <User>
        <ID>2007220108</ID>
        <PassWord>7d4fe261e586517893c4f6052e0533a2</PassWord>
        <Type>1</Type>
    </User>
    <User>
        <ID>2007220109</ID>
        <PassWord>f910c02f55f7ca4371e7b7e849950407</PassWord>
        <Type>1</Type>
    </User>
    <User>
        <ID>2007220110</ID>
        <PassWord>1cb5175919c3a214632516e899ceaf71</PassWord>
        <Type>1</Type>
    </User>
    <User>
        <ID>2007220111</ID>
        <PassWord>ee547a9967ac6ed1e755dc2a2f22b05a</PassWord>
        <Type>1</Type>
    </User>
    <User>
        <ID>2007220112</ID>
        <PassWord>51ecea8dd3f8de2e3b4d734ca66846f9</PassWord>
        <Type>1</Type>
    </User>
    <User>
        <ID>2007220113</ID>
        <PassWord>432e3bbbd4a3af6f5d1cc8328cec5e5e</PassWord>
        <Type>1</Type>
    </User>
    <User>
        <ID>2007220114</ID>
        <PassWord>5905dfcae5e6ebeff48a3f140ecfee27</PassWord>
        <Type>1</Type>
    </User>
    <User>
        <ID>2007220115</ID>
        <PassWord>82b45f7195fb06a0e9e5cef40766efb3</PassWord>
        <Type>1</Type>
    </User>
    <User>
        <ID>2007220116</ID>
        <PassWord>0a42f15f1e4586e732303474b8d8042a</PassWord>
        <Type>1</Type>
    </User>
    <User>
        <ID>2007220117</ID>
        <PassWord>202cb962ac59075b964b07152d234b70</PassWord>
        <Type>1</Type>
    </User>
    <User>
        <ID>2007220118</ID>
        <PassWord>d4e2a8131d8c28c5658a4f339129c7f3</PassWord>
        <Type>1</Type>
    </User>
    <User>
        <ID>2007220119</ID>
        <PassWord>8b128377fd291feb8a6c97cb262efa7e</PassWord>
        <Type>1</Type>
    </User>
    <User>
        <ID>2007220120</ID>
        <PassWord>3a97afce4762748dd6306161ff19fe83</PassWord>
        <Type>1</Type>
    </User>
    <User>
        <ID>2007220121</ID>
        <PassWord>16871c1781ac18fc33df6ced1789cea4</PassWord>
        <Type>1</Type>
    </User>
    <User>
        <ID>2007220122</ID>
        <PassWord>ffd6ab8e36c11dc8cd922b74d80f4e8f</PassWord>
        <Type>1</Type>
    </User>
    <User>
        <ID>2007220123</ID>
        <PassWord>67988e2e8478d8f50cee174381da9fb2</PassWord>
        <Type>1</Type>
    </User>
    <User>
        <ID>2007220124</ID>
        <PassWord>a45a2c9bc5992e3e213774af7b163f35</PassWord>
        <Type>1</Type>
    </User>
    <User>
        <ID>2007220125</ID>
        <PassWord>503ec6b002f04cbcfd71190828de676c</PassWord>
        <Type>1</Type>
    </User>
    <User>
        <ID>2007220126</ID>
        <PassWord>3c15dfa2de9b6193e41f6f555574f780</PassWord>
        <Type>1</Type>
    </User>
    <User>
        <ID>2007220127</ID>
        <PassWord>059a1f835b3194a8dd67af04bbf05a50</PassWord>
        <Type>1</Type>
    </User>
    <User>
        <ID>2007220128</ID>
        <PassWord>3453de88eb4711e2c2b4b3d3e280b702</PassWord>
        <Type>1</Type>
    </User>
    <User>
        <ID>2007220129</ID>
        <PassWord>e0df1f1b19b16201d53cfc16d99317b5</PassWord>
        <Type>1</Type>
    </User>
    <User>
        <ID>2007220130</ID>
        <PassWord>71d466b73dbe7d306ca29686a57b434e</PassWord>
        <Type>1</Type>
    </User>
    <User>
        <ID>2007220131</ID>
        <PassWord>153974fab80ef16f1709cabe602d8cf6</PassWord>
        <Type>1</Type>
    </User>
    <User>
        <ID>2007220132</ID>
        <PassWord>12c68eda4ccf875bc8a85fa66eecc918</PassWord>
        <Type>1</Type>
    </User>
    <User>
        <ID>2007220133</ID>
        <PassWord>1bbd886460827015e5d605ed44252251</PassWord>
        <Type>1</Type>
    </User>
    <User>
        <ID>2007220134</ID>
        <PassWord>69fb519c55658f5d8422fcc165d7a5c2</PassWord>
        <Type>1</Type>
    </User>
    <User>
        <ID>2007220135</ID>
        <PassWord>7819c319e50a7e02ac946f8742d50a87</PassWord>
        <Type>1</Type>
    </User>
    <User>
        <ID>2007220136</ID>
        <PassWord>29893907cda7e5e908170c2aadd299e1</PassWord>
        <Type>1</Type>
    </User>
    <User>
        <ID>2007220137</ID>
        <PassWord>1400a1a3cd58823059e7f4c1592d7703</PassWord>
        <Type>1</Type>
    </User>
    <User>
        <ID>2007220138</ID>
        <PassWord>85b812cb9b698b408a8c7510205943cf</PassWord>
        <Type>1</Type>
    </User>
    <User>
        <ID>2007220139</ID>
        <PassWord>e086ecf6478574efce8ce3cede9a83b4</PassWord>
        <Type>1</Type>
    </User>
    <User>
        <ID>2007220140</ID>
        <PassWord>1e187048786522b0bbbf6fcb91cd0dc0</PassWord>
        <Type>1</Type>
    </User>
    <User>
        <ID>2007220142</ID>
        <PassWord>1008f61405ef4509723c785d13cb06af</PassWord>
        <Type>1</Type>
    </User>
    <User>
        <ID>2007220143</ID>
        <PassWord>c7c3445c0e0fc55bb698e82f3856b684</PassWord>
        <Type>1</Type>
    </User>
    <User>
        <ID>2007220144</ID>
        <PassWord>99475df2ba16400c2334ddd539ce8a13</PassWord>
        <Type>1</Type>
    </User>
    <User>
        <ID>2007220145</ID>
        <PassWord>109f587797d18b8443f589155209a2ba</PassWord>
        <Type>1</Type>
    </User>
    <User>
        <ID>2007220146</ID>
        <PassWord>e0f41aa53e9a14ab9df968febdd7509c</PassWord>
        <Type>1</Type>
    </User>
    <User>
        <ID>2007220148</ID>
        <PassWord>f531957cc5639cadc87c4adb86b17d76</PassWord>
        <Type>1</Type>
    </User>
    <User>
        <ID>2007220147</ID>
        <PassWord>2dbd7ae7b17c69932083700dfbe30bac</PassWord>
        <Type>1</Type>
    </User>
</UserList>
